<?xml version="1.0" encoding="utf-8"?>
<extension version="2.5" type="plugin" group="jea" method="upgrade">
	<name>JEA - Tipos</name>
	<author>Sylvain Philip</author>
	<creationDate>Feb 2011</creationDate>
	<copyright>Copyright (C) 2011 Sylvain Philip.</copyright>
	<license>http://www.gnu.org/licenses/gpl-2.0.html GNU/GPL</license>
	<authorEmail>contact@sphilip.com</authorEmail>
	<authorUrl>www.sphilip.com</authorUrl>
	<version>1.0</version>
	<description>An tipos jea plugin which add a new field (owner name).</description>

	<scriptfile>script.php</scriptfile>

	<files>
		<filename plugin="tipos">tipos.php</filename>
	</files>

	<languages>
		<language tag="en-GB">en-GB.plg_jea_tipos.ini</language>
		<language tag="fr-FR">fr-FR.plg_jea_tipos.ini</language>
	</languages>

	<config />
</extension>